,A,C,D,E,F,G,H,I,K,L,M,N,P,Q,R,S,T,V,W,Y
A,1,1.28,1.44,1.49,1.73,1.48,1.55,1.5,1.72,1.53,1.55,1.42,1.63,1.53,1.93,1.16,1.23,1.37,2,1.75
C,1.34,1,1.62,1.61,1.69,1.85,1.55,1.44,1.78,1.48,1.44,1.54,1.88,1.6,2,1.37,1.28,1.38,2,1.7
D,1.45,1.51,1,1.19,1.82,1.72,1.37,1.7,1.46,1.71,1.64,1.16,1.77,1.36,1.67,1.31,1.32,1.61,2,1.74
E,1.59,1.6,1.23,1,1.8,1.9,1.26,1.71,1.35,1.71,1.62,1.11,1.84,1.23,1.63,1.44,1.36,1.63,2,1.7
F,1.74,1.57,1.82,1.67,1,2,1.49,1.26,1.62,1.24,1.22,1.69,1.78,1.55,1.73,1.75,1.6,1.4,1.3,1.18
G,1.39,1.56,1.58,1.6,1.79,1,1.69,1.65,1.77,1.63,1.7,1.55,1.33,1.6,1.9,1.42,1.48,1.5,2,1.82
H,1.64,1.53,1.44,1.25,1.57,2,1,1.55,1.29,1.54,1.41,1.3,1.86,1.23,1.54,1.54,1.39,1.54,1.74,1.45
I,1.62,1.45,1.86,1.73,1.32,2,1.58,1,1.79,1.13,1.21,1.71,1.85,1.63,2,1.68,1.51,1.22,1.69,1.45
K,1.76,1.68,1.48,1.31,1.64,2,1.26,1.67,1,1.64,1.53,1.37,1.83,1.23,1.27,1.64,1.52,1.66,1.71,1.49
L,1.68,1.51,1.9,1.75,1.3,2,1.59,1.13,1.77,1,1.21,1.73,1.8,1.61,1.96,1.72,1.54,1.23,1.67,1.41
M,1.63,1.42,1.73,1.59,1.25,2,1.4,1.2,1.59,1.19,1,1.59,1.83,1.48,1.76,1.63,1.46,1.32,1.54,1.26
N,1.49,1.52,1.18,1.11,1.78,1.8,1.3,1.66,1.4,1.66,1.59,1,1.78,1.24,1.66,1.33,1.27,1.57,2,1.7
P,1.65,1.75,1.79,1.71,1.79,1.42,1.76,1.7,1.81,1.64,1.74,1.69,1,1.61,1.91,1.64,1.63,1.55,2,1.81
Q,1.72,1.67,1.48,1.25,1.74,2,1.26,1.69,1.29,1.64,1.57,1.28,1.81,1,1.57,1.58,1.43,1.61,1.95,1.61
R,1.84,1.74,1.6,1.47,1.64,2,1.41,1.72,1.23,1.68,1.59,1.51,1.8,1.38,1,1.73,1.63,1.72,1.63,1.49
S,1.16,1.31,1.31,1.37,1.75,1.52,1.47,1.55,1.61,1.57,1.56,1.29,1.64,1.43,1.82,1,1.16,1.42,2,1.73
T,1.28,1.28,1.39,1.36,1.71,1.72,1.4,1.5,1.6,1.51,1.47,1.28,1.74,1.38,1.85,1.19,1,1.37,2,1.68
V,1.46,1.39,1.76,1.65,1.49,1.77,1.57,1.22,1.78,1.22,1.34,1.61,1.66,1.56,2,1.52,1.39,1,1.85,1.57
W,1.81,1.66,1.8,1.67,1.24,2,1.51,1.45,1.55,1.42,1.38,1.69,1.79,1.56,1.56,1.8,1.67,1.55,1,1.22
Y,1.74,1.57,1.73,1.57,1.18,2,1.38,1.35,1.45,1.32,1.22,1.59,1.78,1.44,1.54,1.71,1.56,1.45,1.27,1
